{"nodes":null,"selection":null,"view":{"scroll":{"x":156.849365234375,"y":29.9999923706054688},"visible_rect":{"max":{"x":836.849365234375,"y":502},"min":{"x":156.849365234375,"y":29.9999923706054688}},"zoom":1}}